-- liquibase formatted sql
-- changeset dd:1
INSERT INTO camper_places (number, is_occupied, type, price)
VALUES (1, FALSE, 'STANDARD', 100.00),
       (2, FALSE, 'STANDARD', 100.00),
       (3, TRUE, 'PLUS', 150.00),
       (4, FALSE, 'STANDARD', 100.00),
       (5, FALSE, 'VIP', 200.00),
       (6, TRUE, 'PLUS', 160.00),
       (7, FALSE, 'STANDARD', 100.00),
       (8, FALSE, 'VIP', 220.00),
       (9, FALSE, 'STANDARD', 90.00),
       (10, TRUE, 'PLUS', 155.00),
       (11, FALSE, 'STANDARD', 100.00),
       (12, FALSE, 'PLUS', 150.00),
       (13, TRUE, 'VIP', 230.00),
       (14, FALSE, 'STANDARD', 95.00),
       (15, FALSE, 'STANDARD', 100.00),
       (16, FALSE, 'VIP', 210.00),
       (17, TRUE, 'PLUS', 145.00),
       (18, FALSE, 'STANDARD', 105.00),
       (19, FALSE, 'VIP', 215.00),
       (20, TRUE, 'STANDARD', 110.00);

INSERT INTO users (id, first_name, last_name, email, password_hash, role,
                   phone_number, car_registration, country, city, street_address)
VALUES  (2, 'Piotr', 'Nowak', 'piotr.nowak@example.com', '$2a$10$2DwqzkRT5DSeSOUjKkJe/.QPXCDj6JZRePHmd2YNmtKEBBoRYgrWO',
        'GUEST',
        NULL, NULL, NULL, NULL, NULL),
       (3, 'Katarzyna', 'Wiśniewska', 'katarzyna.wisniewska@example.com',
        '$2a$10$2DwqzkRT5DSeSOUjKkJe/.QPXCDj6JZRePHmd2YNmtKEBBoRYgrWO', 'GUEST',
        NULL, NULL, NULL, NULL, NULL),
       (4, 'Marek', 'Wójcik', 'marek.wojcik@example.com', '$2a$10$2DwqzkRT5DSeSOUjKkJe/.QPXCDj6JZRePHmd2YNmtKEBBoRYgrWO',
        'GUEST',
        NULL, NULL, NULL, NULL, NULL),
       (5, 'Agnieszka', 'Krawczyk', 'agnieszka.krawczyk@example.com',
        '$2a$10$2DwqzkRT5DSeSOUjKkJe/.QPXCDj6JZRePHmd2YNmtKEBBoRYgrWO', 'GUEST',
        NULL, NULL, NULL, NULL, NULL),
       (6, 'Tomasz', 'Mazur', 'tomasz.mazur@example.com', '$2a$10$2DwqzkRT5DSeSOUjKkJe/.QPXCDj6JZRePHmd2YNmtKEBBoRYgrWO',
        'GUEST',
        NULL, NULL, NULL, NULL, NULL),
       (7, 'Magdalena', 'Kaczmarek', 'magdalena.kaczmarek@example.com',
        '$2a$10$2DwqzkRT5DSeSOUjKkJe/.QPXCDj6JZRePHmd2YNmtKEBBoRYgrWO', 'GUEST',
        NULL, NULL, NULL, NULL, NULL),
       (8,'Łukasz', 'Zieliński', 'lukasz.zielinski@example.com',
        '$2a$10$2DwqzkRT5DSeSOUjKkJe/.QPXCDj6JZRePHmd2YNmtKEBBoRYgrWO', 'GUEST',
        NULL, NULL, NULL, NULL, NULL),
       (9, 'Barbara', 'Szymańska', 'barbara.szymanska@example.com',
        '$2a$10$2DwqzkRT5DSeSOUjKkJe/.QPXCDj6JZRePHmd2YNmtKEBBoRYgrWO', 'GUEST',
        NULL, NULL, NULL, NULL, NULL),
       (10, 'Grzegorz', 'Woźniak', 'grzegorz.wozniak@example.com',
        '$2a$10$2DwqzkRT5DSeSOUjKkJe/.QPXCDj6JZRePHmd2YNmtKEBBoRYgrWO', 'GUEST',
        NULL, NULL, NULL, NULL, NULL),
       (11, 'Ewa', 'Dąbrowska', 'ewa.dabrowska@example.com', '$2a$10$2DwqzkRT5DSeSOUjKkJe/.QPXCDj6JZRePHmd2YNmtKEBBoRYgrWO',
        'GUEST',
        NULL, NULL, NULL, NULL, NULL),
       (12, 'Paweł', 'Jankowski', 'pawel.jankowski@example.com',
        '$2a$10$2DwqzkRT5DSeSOUjKkJe/.QPXCDj6JZRePHmd2YNmtKEBBoRYgrWO', 'GUEST',
        NULL, NULL, NULL, NULL, NULL),
       (13, 'Joanna', 'Włodarczyk', 'joanna.wlodarczyk@example.com',
        '$2a$10$2DwqzkRT5DSeSOUjKkJe/.QPXCDj6JZRePHmd2YNmtKEBBoRYgrWO', 'GUEST',
        NULL, NULL, NULL, NULL, NULL),
       (14, 'Robert', 'Baran', 'robert.baran@example.com', '$2a$10$2DwqzkRT5DSeSOUjKkJe/.QPXCDj6JZRePHmd2YNmtKEBBoRYgrWO',
        'GUEST',
        NULL, NULL, NULL, NULL, NULL),
       (15, 'Monika', 'Sobczak', 'monika.sobczak@example.com',
        '$2a$10$2DwqzkRT5DSeSOUjKkJe/.QPXCDj6JZRePHmd2YNmtKEBBoRYgrWO', 'GUEST',
        NULL, NULL, NULL, NULL, NULL),
       (16, 'Marcin', 'Chmiel', 'marcin.chmiel@example.com', '$2a$10$2DwqzkRT5DSeSOUjKkJe/.QPXCDj6JZRePHmd2YNmtKEBBoRYgrWO',
        'GUEST',
        NULL, NULL, NULL, NULL, NULL),
       (17, 'Dorota', 'Pawlak', 'dorota.pawlak@example.com', '$2a$10$2DwqzkRT5DSeSOUjKkJe/.QPXCDj6JZRePHmd2YNmtKEBBoRYgrWO',
        'GUEST',
        NULL, NULL, NULL, NULL, NULL),
       (18, 'Krzysztof', 'Gajda', 'krzysztof.gajda@example.com',
        '$2a$10$2DwqzkRT5DSeSOUjKkJe/.QPXCDj6JZRePHmd2YNmtKEBBoRYgrWO', 'GUEST',
        NULL, NULL, NULL, NULL, NULL),
       (19, 'Patrycja', 'Kaleta', 'patrycja.kaleta@example.com',
        '$2a$10$2DwqzkRT5DSeSOUjKkJe/.QPXCDj6JZRePHmd2YNmtKEBBoRYgrWO', 'GUEST',
        NULL, NULL, NULL, NULL, NULL),
       (20, 'Mateusz', 'Kubik', 'mateusz.kubik@example.com', '$2a$10$2DwqzkRT5DSeSOUjKkJe/.QPXCDj6JZRePHmd2YNmtKEBBoRYgrWO',
        'GUEST',
        NULL, NULL, NULL, NULL, NULL);


INSERT INTO reservations (checkin, checkout, camper_place_id, user_id, status, is_paid)
VALUES ('2025-06-01', '2025-06-05', 1, 1, 'COMING', false),
       ('2025-06-03', '2025-06-10', 5, 2, 'COMING', false),
       ('2025-06-07', '2025-06-12', 3, 3, 'COMING', false),
       ('2025-06-10', '2025-06-15', 10, 1, 'COMING', false),
       ('2025-06-12', '2025-06-20', 7, 2, 'COMING', false),
       ('2025-06-15', '2025-06-18', 12, 3, 'COMING', false),
       ('2025-06-18', '2025-06-22', 14, 1, 'COMING', false),
       ('2025-06-20', '2025-06-25', 8, 2, 'COMING', false),
       ('2025-06-22', '2025-06-28', 17, 3, 'COMING', false),
       ('2025-06-25', '2025-06-30', 20, 1, 'COMING', false),
       ('2025-06-05', '2025-06-07', 1, 2, 'COMING', false),
       ('2025-06-10', '2025-06-12', 3, 3, 'COMING', false),
       ('2025-06-15', '2025-06-18', 5, 4, 'COMING', false),
       ('2025-06-20', '2025-06-22', 2, 5, 'COMING', false),
       ('2025-06-25', '2025-06-27', 4, 6, 'COMING', false),
       ('2025-07-01', '2025-07-04', 6, 7, 'COMING', false),
       ('2025-07-05', '2025-07-08', 7, 8, 'COMING', false),
       ('2025-07-10', '2025-07-12', 8, 9, 'COMING', false),
       ('2025-07-15', '2025-07-18', 9, 10, 'COMING', false),
       ('2025-07-20', '2025-07-22', 10, 11, 'COMING', false),
       ('2025-07-25', '2025-07-27', 11, 12, 'COMING', false),
       ('2025-07-28', '2025-07-30', 12, 13, 'COMING', false),
       ('2025-06-03', '2025-06-06', 13, 14, 'COMING', false),
       ('2025-06-08', '2025-06-11', 14, 15, 'COMING', false),
       ('2025-06-13', '2025-06-16', 15, 16, 'COMING', false),
       ('2025-06-18', '2025-06-21', 16, 17, 'COMING', false),
       ('2025-06-23', '2025-06-26', 17, 18, 'COMING', false),
       ('2025-06-28', '2025-06-30', 18, 19, 'COMING', false),
       ('2025-07-02', '2025-07-05', 19, 20, 'COMING', false),
       ('2025-07-07', '2025-07-10', 20, 1, 'COMING', false),
       ('2025-07-03', '2025-07-06', 1, 3, 'COMING', false),
       ('2025-07-07', '2025-07-09', 2, 4, 'COMING', false),
       ('2025-07-11', '2025-07-14', 3, 5, 'COMING', false),
       ('2025-07-15', '2025-07-18', 4, 6, 'COMING', false),
       ('2025-07-19', '2025-07-22', 5, 7, 'COMING', false),
       ('2025-07-23', '2025-07-25', 6, 8, 'COMING', false),
       ('2025-07-26', '2025-07-29', 7, 9, 'COMING', false),
       ('2025-07-30', '2025-08-02', 8, 10, 'COMING', false),
       ('2025-08-03', '2025-08-06', 9, 11, 'COMING', false),
       ('2025-08-07', '2025-08-10', 10, 12, 'COMING', false),
       ('2025-08-11', '2025-08-14', 11, 13, 'COMING', false),
       ('2025-08-15', '2025-08-18', 12, 14, 'COMING', false),
       ('2025-08-19', '2025-08-21', 13, 15, 'COMING', false),
       ('2025-08-22', '2025-08-25', 14, 16, 'COMING', false),
       ('2025-08-26', '2025-08-29', 15, 17, 'COMING', false),
       ('2025-08-30', '2025-09-02', 16, 18, 'COMING', false),
       ('2025-09-03', '2025-09-06', 17, 19, 'COMING', false),
       ('2025-09-07', '2025-09-10', 18, 20, 'COMING', false),
       ('2025-09-11', '2025-09-14', 19, 1, 'COMING', false),
       ('2025-09-15', '2025-09-18', 20, 2, 'COMING', false),
       ('2025-06-01', '2025-06-03', 1, 1, 'COMING', false),
       ('2025-06-04', '2025-06-06', 2, 2, 'COMING', false),
       ('2025-06-07', '2025-06-10', 3, 3, 'COMING', false),
       ('2025-06-11', '2025-06-13', 4, 4, 'COMING', false),
       ('2025-06-14', '2025-06-16', 5, 5, 'COMING', false),
       ('2025-06-17', '2025-06-19', 6, 6, 'COMING', false),
       ('2025-06-20', '2025-06-22', 7, 7, 'COMING', false),
       ('2025-06-23', '2025-06-25', 8, 8, 'COMING', false),
       ('2025-06-26', '2025-06-28', 9, 9, 'COMING', false),
       ('2025-06-29', '2025-07-01', 10, 10, 'COMING', false),
       ('2025-07-02', '2025-07-04', 11, 11, 'COMING', false),
       ('2025-07-05', '2025-07-07', 12, 12, 'COMING', false),
       ('2025-07-08', '2025-07-10', 13, 13, 'COMING', false),
       ('2025-07-11', '2025-07-13', 14, 14, 'COMING', false),
       ('2025-07-14', '2025-07-16', 15, 15, 'COMING', false),
       ('2025-07-17', '2025-07-19', 16, 16, 'COMING', false),
       ('2025-07-20', '2025-07-22', 17, 17, 'COMING', false),
       ('2025-07-23', '2025-07-25', 18, 18, 'COMING', false),
       ('2025-07-26', '2025-07-28', 19, 19, 'COMING', false),
       ('2025-07-29', '2025-07-31', 20, 20, 'COMING', false),
       ('2025-08-01', '2025-08-03', 1, 1, 'COMING', false),
       ('2025-08-04', '2025-08-06', 2, 2, 'COMING', false),
       ('2025-08-07', '2025-08-09', 3, 3, 'COMING', false),
       ('2025-08-10', '2025-08-12', 4, 4, 'COMING', false),
       ('2025-08-13', '2025-08-15', 5, 5, 'COMING', false),
       ('2025-08-16', '2025-08-18', 6, 6, 'COMING', false),
       ('2025-08-19', '2025-08-21', 7, 7, 'COMING', false),
       ('2025-08-22', '2025-08-24', 8, 8, 'COMING', false),
       ('2025-08-25', '2025-08-27', 9, 9, 'COMING', false),
       ('2025-08-28', '2025-08-30', 10, 10, 'COMING', false),
       ('2025-08-31', '2025-09-02', 11, 11, 'COMING', false),
       ('2025-09-03', '2025-09-05', 12, 12, 'COMING', false),
       ('2025-09-06', '2025-09-08', 13, 13, 'COMING', false),
       ('2025-09-09', '2025-09-11', 14, 14, 'COMING', false),
       ('2025-09-12', '2025-09-14', 15, 15, 'COMING', false),
       ('2025-09-15', '2025-09-17', 16, 16, 'COMING', false),
       ('2025-09-18', '2025-09-20', 17, 17, 'COMING', false),
       ('2025-09-21', '2025-09-23', 18, 18, 'COMING', false),
       ('2025-09-24', '2025-09-26', 19, 19, 'COMING', false),
       ('2025-09-27', '2025-09-29', 20, 20, 'COMING', false),
       ('2025-09-30', '2025-10-02', 1, 1, 'COMING', false),
       ('2025-10-03', '2025-10-05', 2, 2, 'COMING', false),
       ('2025-10-06', '2025-10-08', 3, 3, 'COMING', false),
       ('2025-10-09', '2025-10-11', 4, 4, 'COMING', false),
       ('2025-10-12', '2025-10-14', 5, 5, 'COMING', false),
       ('2025-10-15', '2025-10-17', 6, 6, 'COMING', false),
       ('2025-10-18', '2025-10-20', 7, 7, 'COMING', false),
       ('2025-10-21', '2025-10-23', 8, 8, 'COMING', false),
       ('2025-10-24', '2025-10-26', 9, 9, 'COMING', false),
       ('2025-10-27', '2025-10-29', 10, 10, 'COMING', false),
       ('2025-10-30', '2025-11-01', 11, 11, 'COMING', false),
       ('2025-11-02', '2025-11-04', 12, 12, 'COMING', false),
       ('2025-11-05', '2025-11-07', 13, 13, 'COMING', false),
       ('2025-11-08', '2025-11-10', 14, 14, 'COMING', false),
       ('2025-11-11', '2025-11-13', 15, 15, 'COMING', false),
       ('2025-11-14', '2025-11-16', 16, 16, 'COMING', false),
       ('2025-11-17', '2025-11-19', 17, 17, 'COMING', false),
       ('2025-11-20', '2025-11-22', 18, 18, 'COMING', false),
       ('2025-11-23', '2025-11-25', 19, 19, 'COMING', false),
       ('2025-11-26', '2025-11-28', 20, 20, 'COMING', false),
       ('2025-11-29', '2025-12-01', 1, 1, 'COMING', false),
       ('2025-12-02', '2025-12-04', 2, 2, 'COMING', false),
       ('2025-12-05', '2025-12-07', 3, 3, 'COMING', false),
       ('2025-12-08', '2025-12-10', 4, 4, 'COMING', false),
       ('2025-12-11', '2025-12-13', 5, 5, 'COMING', false),
       ('2025-12-14', '2025-12-16', 6, 6, 'COMING', false),
       ('2025-12-17', '2025-12-19', 7, 7, 'COMING', false),
       ('2025-12-20', '2025-12-22', 8, 8, 'COMING', false),
       ('2025-12-23', '2025-12-25', 9, 9, 'COMING', false),
       ('2025-12-26', '2025-12-28', 10, 10, 'COMING', false),
       ('2025-12-29', '2025-12-31', 11, 11, 'COMING', false),
       ('2026-01-01', '2026-01-03', 12, 12, 'COMING', false),
       ('2026-01-04', '2026-01-06', 13, 13, 'COMING', false),
       ('2026-01-07', '2026-01-09', 14, 14, 'COMING', false),
       ('2026-01-10', '2026-01-12', 15, 15, 'COMING', false),
       ('2026-01-13', '2026-01-15', 16, 16, 'COMING', false),
       ('2026-01-16', '2026-01-18', 17, 17, 'COMING', false),
       ('2026-01-19', '2026-01-21', 18, 18, 'COMING', false),
       ('2026-01-22', '2026-01-24', 19, 19, 'COMING', false),
       ('2026-01-25', '2026-01-27', 20, 20, 'COMING', false),
       ('2026-01-28', '2026-01-30', 1, 1, 'COMING', false),
       ('2026-01-31', '2026-02-02', 2, 2, 'COMING', false),
       ('2026-02-03', '2026-02-05', 3, 3, 'COMING', false),
       ('2026-02-06', '2026-02-08', 4, 4, 'COMING', false),
       ('2026-02-09', '2026-02-11', 5, 5, 'COMING', false),
       ('2026-02-12', '2026-02-14', 6, 6, 'COMING', false),
       ('2026-02-15', '2026-02-17', 7, 7, 'COMING', false),
       ('2026-02-18', '2026-02-20', 8, 8, 'COMING', false),
       ('2026-02-21', '2026-02-23', 9, 9, 'COMING', false),
       ('2026-02-24', '2026-02-26', 10, 10, 'COMING', false),
       ('2026-02-27', '2026-03-01', 11, 11, 'COMING', false),
       ('2026-03-02', '2026-03-04', 12, 12, 'COMING', false),
       ('2026-03-05', '2026-03-07', 13, 13, 'COMING', false),
       ('2026-03-08', '2026-03-10', 14, 14, 'COMING', false),
       ('2026-03-11', '2026-03-13', 15, 15, 'COMING', false),
       ('2026-03-14', '2026-03-16', 16, 16, 'COMING', false),
       ('2026-03-17', '2026-03-19', 17, 17, 'COMING', false),
       ('2026-03-20', '2026-03-22', 18, 18, 'COMING', false),
       ('2026-03-23', '2026-03-25', 19, 19, 'COMING', false),
       ('2026-03-26', '2026-03-28', 20, 20, 'COMING', false),
       ('2026-03-29', '2026-03-31', 1, 1, 'COMING', false),
       ('2026-04-01', '2026-04-03', 2, 2, 'COMING', false),
       ('2026-04-04', '2026-04-06', 3, 3, 'COMING', false),
       ('2026-04-07', '2026-04-09', 4, 4, 'COMING', false),
       ('2026-04-10', '2026-04-12', 5, 5, 'COMING', false),
       ('2026-04-13', '2026-04-15', 6, 6, 'COMING', false),
       ('2026-04-16', '2026-04-18', 7, 7, 'COMING', false),
       ('2026-04-19', '2026-04-21', 8, 8, 'COMING', false),
       ('2026-04-22', '2026-04-24', 9, 9, 'COMING', false),
       ('2026-04-25', '2026-04-27', 10, 10, 'COMING', false),
       ('2026-04-28', '2026-04-30', 11, 11, 'COMING', false),
       ('2026-05-01', '2026-05-03', 12, 12, 'COMING', false),
       ('2026-05-04', '2026-05-06', 13, 13, 'COMING', false),
       ('2026-05-07', '2026-05-09', 14, 14, 'COMING', false),
       ('2026-05-10', '2026-05-12', 15, 15, 'COMING', false),
       ('2026-05-13', '2026-05-15', 16, 16, 'COMING', false),
       ('2026-05-16', '2026-05-18', 17, 17, 'COMING', false),
       ('2026-05-19', '2026-05-21', 18, 18, 'COMING', false),
       ('2026-05-22', '2026-05-24', 19, 19, 'COMING', false),
       ('2026-05-25', '2026-05-27', 20, 20, 'COMING', false),
       ('2026-05-28', '2026-05-30', 1, 1, 'COMING', false),
       ('2026-05-31', '2026-06-02', 2, 2, 'COMING', false),
       ('2026-06-03', '2026-06-05', 3, 3, 'COMING', false),
       ('2026-06-06', '2026-06-08', 4, 4, 'COMING', false),
       ('2026-06-09', '2026-06-11', 5, 5, 'COMING', false),
       ('2026-06-12', '2026-06-14', 6, 6, 'COMING', false),
       ('2026-06-15', '2026-06-17', 7, 7, 'COMING', false),
       ('2026-06-18', '2026-06-20', 8, 8, 'COMING', false),
       ('2026-06-21', '2026-06-23', 9, 9, 'COMING', false),
       ('2026-06-24', '2026-06-26', 10, 10, 'COMING', false),
       ('2026-06-27', '2026-06-29', 11, 11, 'COMING', false),
       ('2026-06-30', '2026-07-02', 12, 12, 'COMING', false),
       ('2026-07-03', '2026-07-05', 13, 13, 'COMING', false),
       ('2026-07-06', '2026-07-08', 14, 14, 'COMING', false),
       ('2026-07-09', '2026-07-11', 15, 15, 'COMING', false),
       ('2026-07-12', '2026-07-14', 16, 16, 'COMING', false),
       ('2026-07-15', '2026-07-17', 17, 17, 'COMING', false),
       ('2026-07-18', '2026-07-20', 18, 18, 'COMING', false),
       ('2026-07-21', '2026-07-23', 19, 19, 'COMING', false),
       ('2026-07-24', '2026-07-26', 20, 20, 'COMING', false),
       ('2026-07-27', '2026-07-29', 1, 1, 'COMING', false),
       ('2026-07-30', '2026-08-01', 2, 2, 'COMING', false),
       ('2026-08-02', '2026-08-04', 3, 3, 'COMING', false),
       ('2026-08-05', '2026-08-07', 4, 4, 'COMING', false),
       ('2026-08-08', '2026-08-10', 5, 5, 'COMING', false),
       ('2026-08-11', '2026-08-13', 6, 6, 'COMING', false),
       ('2026-08-14', '2026-08-16', 7, 7, 'COMING', false),
       ('2026-08-17', '2026-08-19', 8, 8, 'COMING', false),
       ('2026-08-20', '2026-08-22', 9, 9, 'COMING', false),
       ('2026-08-23', '2026-08-25', 10, 10, 'COMING', false),
       ('2026-08-26', '2026-08-28', 11, 11, 'COMING', false),
       ('2026-08-29', '2026-08-31', 12, 12, 'COMING', false),
       ('2026-09-01', '2026-09-03', 13, 13, 'COMING', false),
       ('2026-09-04', '2026-09-06', 14, 14, 'COMING', false),
       ('2026-09-07', '2026-09-09', 15, 15, 'COMING', false),
       ('2026-09-10', '2026-09-12', 16, 16, 'COMING', false),
       ('2026-09-13', '2026-09-15', 17, 17, 'COMING', false),
       ('2026-09-16', '2026-09-18', 18, 18, 'COMING', false),
       ('2026-09-19', '2026-09-21', 19, 19, 'COMING', false),
       ('2026-09-22', '2026-09-24', 20, 20, 'COMING', false),
       ('2026-09-25', '2026-09-27', 1, 1, 'COMING', false),
       ('2026-09-28', '2026-09-30', 2, 2, 'COMING', false),
       ('2026-10-01', '2026-10-03', 3, 3, 'COMING', false),
       ('2026-10-04', '2026-10-06', 4, 4, 'COMING', false),
       ('2026-10-07', '2026-10-09', 5, 5, 'COMING', false),
       ('2026-10-10', '2026-10-12', 6, 6, 'COMING', false),
       ('2026-10-13', '2026-10-15', 7, 7, 'COMING', false),
       ('2026-10-16', '2026-10-18', 8, 8, 'COMING', false),
       ('2026-10-19', '2026-10-21', 9, 9, 'COMING', false),
       ('2026-10-22', '2026-10-24', 10, 10, 'COMING', false),
       ('2026-10-25', '2026-10-27', 11, 11, 'COMING', false),
       ('2026-10-28', '2026-10-30', 12, 12, 'COMING', false),
       ('2026-10-31', '2026-11-02', 13, 13, 'COMING', false),
       ('2026-11-03', '2026-11-05', 14, 14, 'COMING', false),
       ('2026-11-06', '2026-11-08', 15, 15, 'COMING', false),
       ('2026-11-09', '2026-11-11', 16, 16, 'COMING', false),
       ('2026-11-12', '2026-11-14', 17, 17, 'COMING', false),
       ('2026-11-15', '2026-11-17', 18, 18, 'COMING', false),
       ('2026-11-18', '2026-11-20', 19, 19, 'COMING', false),
       ('2026-11-21', '2026-11-23', 20, 20, 'COMING', false),
       ('2026-11-24', '2026-11-26', 1, 1, 'COMING', false),
       ('2026-11-27', '2026-11-29', 2, 2, 'COMING', false),
       ('2026-11-30', '2026-12-02', 3, 3, 'COMING', false),
       ('2026-12-03', '2026-12-05', 4, 4, 'COMING', false),
       ('2026-12-06', '2026-12-08', 5, 5, 'COMING', false),
       ('2026-12-09', '2026-12-11', 6, 6, 'COMING', false),
       ('2026-12-12', '2026-12-14', 7, 7, 'COMING', false),
       ('2026-12-15', '2026-12-17', 8, 8, 'COMING', false),
       ('2026-12-18', '2026-12-20', 9, 9, 'COMING', false),
       ('2026-12-21', '2026-12-23', 10, 10, 'COMING', false),
       ('2026-12-24', '2026-12-26', 11, 11, 'COMING', false),
       ('2026-12-27', '2026-12-29', 12, 12, 'COMING', false),
       ('2026-12-30', '2027-01-01', 13, 13, 'COMING', false),
       ('2027-01-02', '2027-01-04', 14, 14, 'COMING', false),
       ('2027-01-05', '2027-01-07', 15, 15, 'COMING', false),
       ('2027-01-08', '2027-01-10', 16, 16, 'COMING', false),
       ('2027-01-11', '2027-01-13', 17, 17, 'COMING', false),
       ('2027-01-14', '2027-01-16', 18, 18, 'COMING', false),
       ('2027-01-17', '2027-01-19', 19, 19, 'COMING', false),
       ('2027-01-20', '2027-01-22', 20, 20, 'COMING', false),
       ('2027-01-23', '2027-01-25', 1, 1, 'COMING', false),
       ('2027-01-26', '2027-01-28', 2, 2, 'COMING', false),
       ('2027-01-29', '2027-01-31', 3, 3, 'COMING', false),
       ('2027-02-01', '2027-02-03', 4, 4, 'COMING', false),
       ('2027-02-04', '2027-02-06', 5, 5, 'COMING', false),
       ('2027-02-07', '2027-02-09', 6, 6, 'COMING', false),
       ('2027-02-10', '2027-02-12', 7, 7, 'COMING', false),
       ('2027-02-13', '2027-02-15', 8, 8, 'COMING', false),
       ('2027-02-16', '2027-02-18', 9, 9, 'COMING', false),
       ('2027-02-19', '2027-02-21', 10, 10, 'COMING', false),
       ('2027-02-22', '2027-02-24', 11, 11, 'COMING', false),
       ('2027-02-25', '2027-02-27', 12, 12, 'COMING', false),
       ('2027-02-28', '2027-03-02', 13, 13, 'COMING', false),
       ('2027-03-03', '2027-03-05', 14, 14, 'COMING', false),
       ('2027-03-06', '2027-03-08', 15, 15, 'COMING', false),
       ('2027-03-09', '2027-03-11', 16, 16, 'COMING', false),
       ('2027-03-12', '2027-03-14', 17, 17, 'COMING', false),
       ('2027-03-15', '2027-03-17', 18, 18, 'COMING', false),
       ('2027-03-18', '2027-03-20', 19, 19, 'COMING', false),
       ('2027-03-21', '2027-03-23', 20, 20, 'COMING', false),
       ('2027-03-24', '2027-03-26', 1, 1, 'COMING', false),
       ('2027-03-27', '2027-03-29', 2, 2, 'COMING', false),
       ('2027-03-30', '2027-04-01', 3, 3, 'COMING', false),
       ('2027-04-02', '2027-04-04', 4, 4, 'COMING', false),
       ('2027-04-05', '2027-04-07', 5, 5, 'COMING', false),
       ('2027-04-08', '2027-04-10', 6, 6, 'COMING', false),
       ('2027-04-11', '2027-04-13', 7, 7, 'COMING', false),
       ('2027-04-14', '2027-04-16', 8, 8, 'COMING', false),
       ('2027-04-17', '2027-04-19', 9, 9, 'COMING', false),
       ('2027-04-20', '2027-04-22', 10, 10, 'COMING', false),
       ('2027-04-23', '2027-04-25', 11, 11, 'COMING', false),
       ('2027-04-26', '2027-04-28', 12, 12, 'COMING', false),
       ('2027-04-29', '2027-05-01', 13, 13, 'COMING', false),
       ('2027-05-02', '2027-05-04', 14, 14, 'COMING', false),
       ('2027-05-05', '2027-05-07', 15, 15, 'COMING', false),
       ('2027-05-08', '2027-05-10', 16, 16, 'COMING', false),
       ('2027-05-11', '2027-05-13', 17, 17, 'COMING', false),
       ('2027-05-14', '2027-05-16', 18, 18, 'COMING', false),
       ('2027-05-17', '2027-05-19', 19, 19, 'COMING', false),
       ('2027-05-20', '2027-05-22', 20, 20, 'COMING', false),
       ('2027-05-23', '2027-05-25', 1, 1, 'COMING', false),
       ('2027-05-26', '2027-05-28', 2, 2, 'COMING', false),
       ('2027-05-29', '2027-05-31', 3, 3, 'COMING', false),
       ('2027-06-01', '2027-06-03', 4, 4, 'COMING', false),
       ('2027-06-04', '2027-06-06', 5, 5, 'COMING', false),
       ('2027-06-07', '2027-06-09', 6, 6, 'COMING', false),
       ('2027-06-10', '2027-06-12', 7, 7, 'COMING', false),
       ('2027-06-13', '2027-06-15', 8, 8, 'COMING', false),
       ('2027-06-16', '2027-06-18', 9, 9, 'COMING', false),
       ('2027-06-19', '2027-06-21', 10, 10, 'COMING', false),
       ('2027-06-22', '2027-06-24', 11, 11, 'COMING', false),
       ('2027-06-25', '2027-06-27', 12, 12, 'COMING', false),
       ('2027-06-28', '2027-06-30', 13, 13, 'COMING', false),
       ('2027-07-01', '2027-07-03', 14, 14, 'COMING', false),
       ('2027-07-04', '2027-07-06', 15, 15, 'COMING', false),
       ('2027-07-07', '2027-07-09', 16, 16, 'COMING', false),
       ('2027-07-10', '2027-07-12', 17, 17, 'COMING', false),
       ('2027-07-13', '2027-07-15', 18, 18, 'COMING', false),
       ('2027-07-16', '2027-07-18', 19, 19, 'COMING', false),
       ('2027-07-19', '2027-07-21', 20, 20, 'COMING', false),
       ('2027-07-22', '2027-07-24', 1, 1, 'COMING', false),
       ('2027-07-25', '2027-07-27', 2, 2, 'COMING', false),
       ('2027-07-28', '2027-07-30', 3, 3, 'COMING', false),
       ('2027-07-31', '2027-08-02', 4, 4, 'COMING', false),
       ('2027-08-03', '2027-08-05', 5, 5, 'COMING', false),
       ('2027-08-06', '2027-08-08', 6, 6, 'COMING', false),
       ('2027-08-09', '2027-08-11', 7, 7, 'COMING', false),
       ('2027-08-12', '2027-08-14', 8, 8, 'COMING', false),
       ('2027-08-15', '2027-08-17', 9, 9, 'COMING', false),
       ('2027-08-18', '2027-08-20', 10, 10, 'COMING', false),
       ('2027-08-21', '2027-08-23', 11, 11, 'COMING', false),
       ('2027-08-24', '2027-08-26', 12, 12, 'COMING', false),
       ('2027-08-27', '2027-08-29', 13, 13, 'COMING', false),
       ('2027-08-30', '2027-09-01', 14, 14, 'COMING', false),
       ('2027-09-02', '2027-09-04', 15, 15, 'COMING', false),
       ('2027-09-05', '2027-09-07', 16, 16, 'COMING', false),
       ('2027-09-08', '2027-09-10', 17, 17, 'COMING', false),
       ('2027-09-11', '2027-09-13', 18, 18, 'COMING', false),
       ('2027-09-14', '2027-09-16', 19, 19, 'COMING', false),
       ('2027-09-17', '2027-09-19', 20, 20, 'COMING', false),
       ('2027-09-20', '2027-09-22', 1, 1, 'COMING', false),
       ('2027-09-23', '2027-09-25', 2, 2, 'COMING', false),
       ('2027-09-26', '2027-09-28', 3, 3, 'COMING', false),
       ('2027-09-29', '2027-10-01', 4, 4, 'COMING', false),
       ('2027-10-02', '2027-10-04', 5, 5, 'COMING', false),
       ('2027-10-05', '2027-10-07', 6, 6, 'COMING', false),
       ('2027-10-08', '2027-10-10', 7, 7, 'COMING', false),
       ('2027-10-11', '2027-10-13', 8, 8, 'COMING', false),
       ('2027-10-14', '2027-10-16', 9, 9, 'COMING', false),
       ('2027-10-17', '2027-10-19', 10, 10, 'COMING', false),
       ('2027-10-20', '2027-10-22', 11, 11, 'COMING', false),
       ('2027-10-23', '2027-10-25', 12, 12, 'COMING', false),
       ('2027-10-26', '2027-10-28', 13, 13, 'COMING', false),
       ('2027-10-29', '2027-10-31', 14, 14, 'COMING', false),
       ('2027-11-01', '2027-11-03', 15, 15, 'COMING', false),
       ('2027-11-04', '2027-11-06', 16, 16, 'COMING', false),
       ('2027-11-07', '2027-11-09', 17, 17, 'COMING', false),
       ('2027-11-10', '2027-11-12', 18, 18, 'COMING', false),
       ('2027-11-13', '2027-11-15', 19, 19, 'COMING', false),
       ('2027-11-16', '2027-11-18', 20, 20, 'COMING', false),
       ('2027-11-19', '2027-11-21', 1, 1, 'COMING', false),
       ('2027-11-22', '2027-11-24', 2, 2, 'COMING', false),
       ('2027-11-25', '2027-11-27', 3, 3, 'COMING', false),
       ('2027-11-28', '2027-11-30', 4, 4, 'COMING', false),
       ('2027-12-01', '2027-12-03', 5, 5, 'COMING', false),
       ('2027-12-04', '2027-12-06', 6, 6, 'COMING', false),
       ('2027-12-07', '2027-12-09', 7, 7, 'COMING', false),
       ('2027-12-10', '2027-12-12', 8, 8, 'COMING', false),
       ('2027-12-13', '2027-12-15', 9, 9, 'COMING', false),
       ('2027-12-16', '2027-12-18', 10, 10, 'COMING', false),
       ('2027-12-19', '2027-12-21', 11, 11, 'COMING', false),
       ('2027-12-22', '2027-12-24', 12, 12, 'COMING', false),
       ('2027-12-25', '2027-12-27', 13, 13, 'COMING', false),
       ('2027-12-28', '2027-12-30', 14, 14, 'COMING', false),
       ('2027-12-31', '2028-01-02', 15, 15, 'COMING', false),
       ('2028-01-03', '2028-01-05', 16, 16, 'COMING', false),
       ('2028-01-06', '2028-01-08', 17, 17, 'COMING', false),
       ('2028-01-09', '2028-01-11', 18, 18, 'COMING', false),
       ('2028-01-12', '2028-01-14', 19, 19, 'COMING', false),
       ('2028-01-15', '2028-01-17', 20, 20, 'COMING', false),
       ('2028-01-18', '2028-01-20', 1, 1, 'COMING', false),
       ('2028-01-21', '2028-01-23', 2, 2, 'COMING', false),
       ('2028-01-24', '2028-01-26', 3, 3, 'COMING', false),
       ('2028-01-27', '2028-01-29', 4, 4, 'COMING', false),
       ('2028-01-30', '2028-02-01', 5, 5, 'COMING', false),
       ('2028-02-02', '2028-02-04', 6, 6, 'COMING', false),
       ('2028-02-05', '2028-02-07', 7, 7, 'COMING', false),
       ('2028-02-08', '2028-02-10', 8, 8, 'COMING', false),
       ('2028-02-11', '2028-02-13', 9, 9, 'COMING', false),
       ('2028-02-14', '2028-02-16', 10, 10, 'COMING', false),
       ('2028-02-17', '2028-02-19', 11, 11, 'COMING', false),
       ('2028-02-20', '2028-02-22', 12, 12, 'COMING', false),
       ('2028-02-23', '2028-02-25', 13, 13, 'COMING', false),
       ('2028-02-26', '2028-02-28', 14, 14, 'COMING', false),
       ('2028-02-29', '2028-03-02', 15, 15, 'COMING', false),
       ('2028-03-03', '2028-03-05', 16, 16, 'COMING', false),
       ('2028-03-06', '2028-03-08', 17, 17, 'COMING', false),
       ('2028-03-09', '2028-03-11', 18, 18, 'COMING', false),
       ('2028-03-12', '2028-03-14', 19, 19, 'COMING', false),
       ('2028-03-15', '2028-03-17', 20, 20, 'COMING', false);